[
  {
    "name": "theme_info",
    "theme_name": "Simple",
    "theme_author": "Shopify",
    "theme_version": "10.0.0",
    "theme_documentation_url": "https://help.shopify.com/manual/using-themes/sections",
    "theme_support_url": "https://support.shopify.com/"
  },
  {
    "name": {
      "de": "Farben",
      "en": "Colors",
      "es": "Colores",
      "fr": "Couleurs",
      "it": "Colori",
      "ja": "色",
      "nl": "Kleuren",
      "pt-BR": "Cores",
      "zh-CN": "颜色",
      "zh-TW": "色彩"
    },
    "settings": [
      {
        "type": "color",
        "id": "color_body_bg",
        "label": {
          "de": "Hintergrund",
          "en": "Background",
          "es": "Fondo",
          "fr": "Arrière-plan",
          "it": "Sfondo",
          "ja": "背景",
          "nl": "Achtergrond",
          "pt-BR": "Plano de fundo",
          "zh-CN": "背景",
          "zh-TW": "背景"
        },
        "default": "#ffffff"
      },
      {
        "type": "color",
        "id": "color_body_text",
        "label": {
          "de": "Text",
          "en": "Text",
          "es": "Texto",
          "fr": "Texte",
          "it": "Testo",
          "ja": "テキスト",
          "nl": "Tekst",
          "pt-BR": "Texto",
          "zh-CN": "文本",
          "zh-TW": "文字"
        },
        "default": "#000000"
      },
      {
        "type": "color",
        "id": "color_primary_color",
        "label": {
          "de": "Links und Hintergrund primäre Schaltflächen",
          "en": "Links and primary button background",
          "es": "Enlaces y fondo de botón principal",
          "fr": "Liens et arrière-plan du bouton principal",
          "it": "Sfondo link e pulsante primario",
          "ja": "リンクとプライマリボタンの背景",
          "nl": "Achtergrond van links en primaire knop",
          "pt-BR": "Links e fundo do botão principal",
          "zh-CN": "链接和主按钮背景",
          "zh-TW": "連結與主要按鈕背景"
        },
        "default": "#000000",
        "info": {
          "de": "Anzeigen von Einkaufswagen, Checkout und Textlinks",
          "en": "View cart, Check out, and body text links",
          "es": "Ver carrito, pantalla de pago y enlaces del cuerpo del texto",
          "fr": "Afficher le panier, le lien et les liens du corps du texte",
          "it": "Visualizza link di carrello, check-out e corpo del testo",
          "ja": "カート、チェックアウト、本文リンクを表示する",
          "nl": "Links van winkelwagen, afrekenen en hoofdtekst weergeven",
          "pt-BR": "Visualizar carrinho, finalização da compra e links de texto do corpo",
          "zh-CN": "查看购物车、结账和正文文本链接",
          "zh-TW": "查看購物車、結帳與內文連結"
        }
      },
      {
        "type": "color",
        "id": "color_primary_button_text",
        "label": {
          "de": "Text primäre Schaltflächen",
          "en": "Primary button text",
          "es": "Texto del botón primario",
          "fr": "Texte du bouton principal",
          "it": "Testo pulsante primario",
          "ja": "プライマリボタンのテキスト",
          "nl": "Tekst van primaire knop",
          "pt-BR": "Texto do botão primário",
          "zh-CN": "主按钮文本",
          "zh-TW": "主要按鈕文字"
        },
        "default": "#000000"
      },
      {
        "type": "color",
        "id": "color_sale_badge",
        "label": {
          "de": "Angebots-Tags",
          "en": "Sale tags",
          "es": "Etiquetas de venta",
          "fr": "Balises de réduction",
          "it": "Tag offerta",
          "ja": "販売タグ",
          "nl": "Verkoop-tags",
          "pt-BR": "Tags de venda",
          "zh-CN": "销售标签",
          "zh-TW": "銷售標籤"
        },
        "default": "#000000"
      },
      {
        "type": "color",
        "id": "color_borders",
        "label": {
          "de": "Rahmen und Linien",
          "en": "Borders and lines",
          "es": "Bordes y líneas",
          "fr": "Bordures et lignes",
          "it": "Bordi e linee",
          "ja": "罫線と線",
          "nl": "Randen en lijnen",
          "pt-BR": "Bordas e linhas",
          "zh-CN": "边框和线条",
          "zh-TW": "邊框和線條"
        },
        "default": "#eceff1"
      },
      {
        "type": "color",
        "id": "color_form",
        "label": {
          "de": "Hintergrund Formularfelder",
          "en": "Form field background",
          "es": "Fondo de campo de formulario",
          "fr": "Fond de champ de formulaire",
          "it": "Sfondo campo modulo",
          "ja": "フォームフィールドの背景",
          "nl": "Achtergrond van formulierveld",
          "pt-BR": "Fundo de campo de formulário",
          "zh-CN": "表格字段背景",
          "zh-TW": "表單欄位背景"
        },
        "default": "#f4f4f4"
      },
      {
        "type": "header",
        "content": {
          "de": "Bildüberlagerungen",
          "en": "Image overlays",
          "es": "Superposiciones de imágenes",
          "fr": "Superpositions d'images",
          "it": "Sovrapposizioni di immagine",
          "ja": "画像のオーバーレイ",
          "nl": "Afbeelding-overlays",
          "pt-BR": "Sobreposições de imagens",
          "zh-CN": "图片叠加",
          "zh-TW": "圖片疊加層"
        }
      },
      {
        "type": "color",
        "id": "color_image_overlay_text",
        "label": {
          "de": "Text",
          "en": "Text",
          "es": "Texto",
          "fr": "Texte",
          "it": "Testo",
          "ja": "テキスト",
          "nl": "Tekst",
          "pt-BR": "Texto",
          "zh-CN": "文本",
          "zh-TW": "文字"
        },
        "default": "#fff"
      },
      {
        "type": "color",
        "id": "color_image_overlay",
        "label": {
          "de": "Hintergrund",
          "en": "Background",
          "es": "Fondo",
          "fr": "Arrière-plan",
          "it": "Sfondo",
          "ja": "背景",
          "nl": "Achtergrond",
          "pt-BR": "Plano de fundo",
          "zh-CN": "背景",
          "zh-TW": "背景"
        },
        "default": "#3d4246"
      },
      {
        "type": "range",
        "id": "image_overlay_opacity",
        "label": {
          "de": "Opazität",
          "en": "Opacity",
          "es": "Opacidad",
          "fr": "Opacité",
          "it": "Opacità",
          "ja": "不透過率",
          "nl": "Doorschijnendheid",
          "pt-BR": "Opacidade",
          "zh-CN": "不透明度",
          "zh-TW": "透明度"
        },
        "min": 0,
        "max": 100,
        "step": 1,
        "unit": {
          "de": "%",
          "en": "%",
          "es": "%",
          "fr": "%",
          "it": "%",
          "ja": "%",
          "nl": "%",
          "pt-BR": "%",
          "zh-CN": "%",
          "zh-TW": "%"
        },
        "default": 25
      }
    ]
  },
  {
    "name": {
      "de": "Typografie",
      "en": "Typography",
      "es": "Tipografía",
      "fr": "Typographie",
      "it": "Caratteri tipografici",
      "ja": "文字体裁",
      "nl": "Typografie",
      "pt-BR": "Tipografia",
      "zh-CN": "版式",
      "zh-TW": "印刷樣式"
    },
    "settings": [
      {
        "type": "header",
        "content": {
          "de": "Überschriften",
          "en": "Headings",
          "es": "Títulos",
          "fr": "Titres",
          "it": "Titoli",
          "ja": "見出し",
          "nl": "Kopteksten",
          "pt-BR": "Títulos",
          "zh-CN": "标题",
          "zh-TW": "標題"
        }
      },
      {
        "type": "font_picker",
        "id": "type_header_font",
        "label": {
          "de": "Schriftart",
          "en": "Font",
          "es": "Fuente",
          "fr": "Police",
          "it": "Font",
          "ja": "フォント",
          "nl": "Lettertype",
          "pt-BR": "Fonte",
          "zh-CN": "字体",
          "zh-TW": "字型"
        },
        "default": "times_new_roman_n4"
      },
      {
        "type": "select",
        "id": "type_header_base_size",
        "label": {
          "de": "Basisgröße",
          "en": "Base size",
          "es": "Tamaño de base",
          "fr": "Taille de base",
          "it": "Dimensione base",
          "ja": "基本サイズ",
          "nl": "Basisafmeting",
          "pt-BR": "Tamanho básico",
          "zh-CN": "基本尺寸",
          "zh-TW": "基本尺寸"
        },
        "options": [
          {
            "value": "20px",
            "label": {
              "de": "20px",
              "en": "20px",
              "es": "20px",
              "fr": "20 px",
              "it": "20 px",
              "ja": "20ピクセル",
              "nl": "20px",
              "pt-BR": "20px",
              "zh-CN": "20 px",
              "zh-TW": "20 像素"
            }
          },
          {
            "value": "21px",
            "label": {
              "de": "21px",
              "en": "21px",
              "es": "21px",
              "fr": "21 px",
              "it": "21 px",
              "ja": "21ピクセル",
              "nl": "21px",
              "pt-BR": "21px",
              "zh-CN": "21 px",
              "zh-TW": "21 像素"
            }
          },
          {
            "value": "22px",
            "label": {
              "de": "22px",
              "en": "22px",
              "es": "22px",
              "fr": "22 px",
              "it": "22 px",
              "ja": "22ピクセル",
              "nl": "22px",
              "pt-BR": "22px",
              "zh-CN": "22 px",
              "zh-TW": "22 像素"
            }
          },
          {
            "value": "23px",
            "label": {
              "de": "23px",
              "en": "23px",
              "es": "23px",
              "fr": "23 px",
              "it": "23 px",
              "ja": "23ピクセル",
              "nl": "23px",
              "pt-BR": "23px",
              "zh-CN": "23 px",
              "zh-TW": "23 像素"
            }
          },
          {
            "value": "24px",
            "label": {
              "de": "24px",
              "en": "24px",
              "es": "24px",
              "fr": "24 px",
              "it": "24 px",
              "ja": "24ピクセル",
              "nl": "24px",
              "pt-BR": "24px",
              "zh-CN": "24 px",
              "zh-TW": "24 像素"
            }
          },
          {
            "value": "25px",
            "label": {
              "de": "25px",
              "en": "25px",
              "es": "25px",
              "fr": "25 px",
              "it": "25 px",
              "ja": "25ピクセル",
              "nl": "25px",
              "pt-BR": "25px",
              "zh-CN": "25 px",
              "zh-TW": "25 像素"
            }
          },
          {
            "value": "26px",
            "label": {
              "de": "26px",
              "en": "26px",
              "es": "26px",
              "fr": "26 px",
              "it": "26 px",
              "ja": "26ピクセル",
              "nl": "26px",
              "pt-BR": "26px",
              "zh-CN": "26 px",
              "zh-TW": "26 像素"
            }
          },
          {
            "value": "27px",
            "label": {
              "de": "27px",
              "en": "27px",
              "es": "27px",
              "fr": "27 px",
              "it": "27 px",
              "ja": "27ピクセル",
              "nl": "27px",
              "pt-BR": "27px",
              "zh-CN": "27 px",
              "zh-TW": "27 像素"
            }
          },
          {
            "value": "28px",
            "label": {
              "de": "28px",
              "en": "28px",
              "es": "28px",
              "fr": "28 px",
              "it": "28 px",
              "ja": "28ピクセル",
              "nl": "28px",
              "pt-BR": "28px",
              "zh-CN": "28 px",
              "zh-TW": "28 像素"
            }
          },
          {
            "value": "29px",
            "label": {
              "de": "29px",
              "en": "29px",
              "es": "29px",
              "fr": "29 px",
              "it": "29 px",
              "ja": "29ピクセル",
              "nl": "29px",
              "pt-BR": "29px",
              "zh-CN": "29 px",
              "zh-TW": "29 像素"
            }
          },
          {
            "value": "30px",
            "label": {
              "de": "30px",
              "en": "30px",
              "es": "30px",
              "fr": "30 px",
              "it": "30 px",
              "ja": "30ピクセル",
              "nl": "30px",
              "pt-BR": "30px",
              "zh-CN": "30 PX",
              "zh-TW": "30 像素"
            }
          },
          {
            "value": "31px",
            "label": {
              "de": "31px",
              "en": "31px",
              "es": "31px",
              "fr": "31 px",
              "it": "31 px",
              "ja": "31ピクセル",
              "nl": "31px",
              "pt-BR": "31px",
              "zh-CN": "31 px",
              "zh-TW": "31 像素"
            }
          },
          {
            "value": "32px",
            "label": {
              "de": "32px",
              "en": "32px",
              "es": "32px",
              "fr": "32 px",
              "it": "32 px",
              "ja": "32ピクセル",
              "nl": "32px",
              "pt-BR": "32px",
              "zh-CN": "32 PX",
              "zh-TW": "32 像素"
            }
          }
        ]
      },
      {
        "type": "header",
        "content": {
          "de": "Fließtext",
          "en": "Body text",
          "es": "Texto del cuerpo",
          "fr": "Corps du texte",
          "it": "Corpo del testo",
          "ja": "本文",
          "nl": "Hoofdtekst",
          "pt-BR": "Corpo do texto",
          "zh-CN": "正文文本",
          "zh-TW": "內文"
        }
      },
      {
        "type": "font_picker",
        "id": "type_base_font",
        "label": {
          "de": "Schriftart",
          "en": "Font",
          "es": "Fuente",
          "fr": "Police",
          "it": "Font",
          "ja": "フォント",
          "nl": "Lettertype",
          "pt-BR": "Fonte",
          "zh-CN": "字体",
          "zh-TW": "字型"
        },
        "default": "helvetica_n4"
      },
      {
        "type": "select",
        "id": "type_base_size",
        "label": {
          "de": "Basisgröße",
          "en": "Base size",
          "es": "Tamaño de base",
          "fr": "Taille de base",
          "it": "Dimensione base",
          "ja": "基本サイズ",
          "nl": "Basisafmeting",
          "pt-BR": "Tamanho básico",
          "zh-CN": "基本尺寸",
          "zh-TW": "基本尺寸"
        },
        "options": [
          {
            "value": "14px",
            "label": {
              "de": "14px",
              "en": "14px",
              "es": "14px",
              "fr": "14 px",
              "it": "14 px",
              "ja": "14ピクセル",
              "nl": "14px",
              "pt-BR": "14px",
              "zh-CN": "14 px",
              "zh-TW": "14px"
            }
          },
          {
            "value": "15px",
            "label": {
              "de": "15px",
              "en": "15px",
              "es": "15px",
              "fr": "15 px",
              "it": "15 px",
              "ja": "15ピクセル",
              "nl": "15px",
              "pt-BR": "15px",
              "zh-CN": "15 px",
              "zh-TW": "15px"
            }
          },
          {
            "value": "16px",
            "label": {
              "de": "16px",
              "en": "16px",
              "es": "16px",
              "fr": "16 px",
              "it": "16 px",
              "ja": "16ピクセル",
              "nl": "16px",
              "pt-BR": "16px",
              "zh-CN": "16 px",
              "zh-TW": "16px"
            }
          },
          {
            "value": "17px",
            "label": {
              "de": "17px",
              "en": "17px",
              "es": "17px",
              "fr": "17 px",
              "it": "17 px",
              "ja": "17ピクセル",
              "nl": "17px",
              "pt-BR": "17px",
              "zh-CN": "17 px",
              "zh-TW": "17px"
            }
          },
          {
            "value": "18px",
            "label": {
              "de": "18px",
              "en": "18px",
              "es": "18px",
              "fr": "18 px",
              "it": "18 px",
              "ja": "18ピクセル",
              "nl": "18px",
              "pt-BR": "18px",
              "zh-CN": "18 px",
              "zh-TW": "18px"
            }
          },
          {
            "value": "19px",
            "label": {
              "de": "19px",
              "en": "19px",
              "es": "19px",
              "fr": "19 px",
              "it": "19 px",
              "ja": "19ピクセル",
              "nl": "19px",
              "pt-BR": "19px",
              "zh-CN": "19 px",
              "zh-TW": "19px"
            }
          }
        ]
      },
      {
        "type": "header",
        "content": {
          "de": "Schaltflächen und Navigation",
          "en": "Buttons and navigation",
          "es": "Botones y navegación",
          "fr": "Boutons et navigation",
          "it": "Pulsanti e navigazione",
          "ja": "ボタンとナビゲーション",
          "nl": "Knoppen en navigatie",
          "pt-BR": "Botões e navegação",
          "zh-CN": "按钮和网站地图",
          "zh-TW": "按鈕與導覽"
        }
      },
      {
        "type": "select",
        "id": "type_button_base_size",
        "label": {
          "de": "Schaltflächengröße",
          "en": "Button size",
          "es": "Tamaño del botón",
          "fr": "Taille du bouton",
          "it": "Dimensione pulsante",
          "ja": "ボタンのサイズ",
          "nl": "Afmeting knop",
          "pt-BR": "Tamanho do botão",
          "zh-CN": "按钮大小",
          "zh-TW": "按鈕尺寸"
        },
        "options": [
          {
            "value": "12px",
            "label": {
              "de": "12px",
              "en": "12px",
              "es": "12px",
              "fr": "12 px",
              "it": "12 px",
              "ja": "12ピクセル",
              "nl": "12px",
              "pt-BR": "12px",
              "zh-CN": "12 px",
              "zh-TW": "12px"
            }
          },
          {
            "value": "13px",
            "label": {
              "de": "13px",
              "en": "13px",
              "es": "13px",
              "fr": "13 px",
              "it": "13 px",
              "ja": "13ピクセル",
              "nl": "13px",
              "pt-BR": "13px",
              "zh-CN": "13 px",
              "zh-TW": "13px"
            }
          },
          {
            "value": "14px",
            "label": {
              "de": "14px",
              "en": "14px",
              "es": "14px",
              "fr": "14 px",
              "it": "14 px",
              "ja": "14ピクセル",
              "nl": "14px",
              "pt-BR": "14px",
              "zh-CN": "14 px",
              "zh-TW": "14px"
            }
          },
          {
            "value": "15px",
            "label": {
              "de": "15px",
              "en": "15px",
              "es": "15px",
              "fr": "15 px",
              "it": "15 px",
              "ja": "15ピクセル",
              "nl": "15px",
              "pt-BR": "15px",
              "zh-CN": "15 px",
              "zh-TW": "15px"
            }
          },
          {
            "value": "16px",
            "label": {
              "de": "16px",
              "en": "16px",
              "es": "16px",
              "fr": "16 px",
              "it": "16 px",
              "ja": "16ピクセル",
              "nl": "16px",
              "pt-BR": "16px",
              "zh-CN": "16 px",
              "zh-TW": "16px"
            }
          },
          {
            "value": "17px",
            "label": {
              "de": "17px",
              "en": "17px",
              "es": "17px",
              "fr": "17 px",
              "it": "17 px",
              "ja": "17ピクセル",
              "nl": "17px",
              "pt-BR": "17px",
              "zh-CN": "17 px",
              "zh-TW": "17px"
            }
          },
          {
            "value": "18px",
            "label": {
              "de": "18px",
              "en": "18px",
              "es": "18px",
              "fr": "18 px",
              "it": "18 px",
              "ja": "18ピクセル",
              "nl": "18px",
              "pt-BR": "18px",
              "zh-CN": "18 px",
              "zh-TW": "18px"
            }
          },
          {
            "value": "19px",
            "label": {
              "de": "19px",
              "en": "19px",
              "es": "19px",
              "fr": "19 px",
              "it": "19 px",
              "ja": "19ピクセル",
              "nl": "19px",
              "pt-BR": "19px",
              "zh-CN": "19 px",
              "zh-TW": "19px"
            }
          },
          {
            "value": "20px",
            "label": {
              "de": "20px",
              "en": "20px",
              "es": "20px",
              "fr": "20 px",
              "it": "20 px",
              "ja": "20ピクセル",
              "nl": "20px",
              "pt-BR": "20px",
              "zh-CN": "20 px",
              "zh-TW": "20 像素"
            }
          },
          {
            "value": "21px",
            "label": {
              "de": "21px",
              "en": "21px",
              "es": "21px",
              "fr": "21 px",
              "it": "21 px",
              "ja": "21ピクセル",
              "nl": "21px",
              "pt-BR": "21px",
              "zh-CN": "21 px",
              "zh-TW": "21 像素"
            }
          },
          {
            "value": "22px",
            "label": {
              "de": "22px",
              "en": "22px",
              "es": "22px",
              "fr": "22 px",
              "it": "22 px",
              "ja": "22ピクセル",
              "nl": "22px",
              "pt-BR": "22px",
              "zh-CN": "22 px",
              "zh-TW": "22 像素"
            }
          }
        ]
      },
      {
        "type": "select",
        "id": "type_navigation_base_size",
        "label": {
          "de": "Größe Navigation",
          "en": "Navigation size",
          "es": "Tamaño de navegación",
          "fr": "Taille de navigation",
          "it": "Dimensione navigazione",
          "ja": "ナビゲーションのサイズ",
          "nl": "Afmeting navigatie",
          "pt-BR": "Tamanho de navegação",
          "zh-CN": "网站地图栏大小",
          "zh-TW": "導覽尺寸"
        },
        "options": [
          {
            "value": "12px",
            "label": {
              "de": "12px",
              "en": "12px",
              "es": "12px",
              "fr": "12 px",
              "it": "12 px",
              "ja": "12ピクセル",
              "nl": "12px",
              "pt-BR": "12px",
              "zh-CN": "12 px",
              "zh-TW": "12px"
            }
          },
          {
            "value": "13px",
            "label": {
              "de": "13px",
              "en": "13px",
              "es": "13px",
              "fr": "13 px",
              "it": "13 px",
              "ja": "13ピクセル",
              "nl": "13px",
              "pt-BR": "13px",
              "zh-CN": "13 px",
              "zh-TW": "13px"
            }
          },
          {
            "value": "14px",
            "label": {
              "de": "14px",
              "en": "14px",
              "es": "14px",
              "fr": "14 px",
              "it": "14 px",
              "ja": "14ピクセル",
              "nl": "14px",
              "pt-BR": "14px",
              "zh-CN": "14 px",
              "zh-TW": "14px"
            }
          },
          {
            "value": "15px",
            "label": {
              "de": "15px",
              "en": "15px",
              "es": "15px",
              "fr": "15 px",
              "it": "15 px",
              "ja": "15ピクセル",
              "nl": "15px",
              "pt-BR": "15px",
              "zh-CN": "15 px",
              "zh-TW": "15px"
            }
          },
          {
            "value": "16px",
            "label": {
              "de": "16px",
              "en": "16px",
              "es": "16px",
              "fr": "16 px",
              "it": "16 px",
              "ja": "16ピクセル",
              "nl": "16px",
              "pt-BR": "16px",
              "zh-CN": "16 px",
              "zh-TW": "16px"
            }
          },
          {
            "value": "17px",
            "label": {
              "de": "17px",
              "en": "17px",
              "es": "17px",
              "fr": "17 px",
              "it": "17 px",
              "ja": "17ピクセル",
              "nl": "17px",
              "pt-BR": "17px",
              "zh-CN": "17 px",
              "zh-TW": "17px"
            }
          },
          {
            "value": "18px",
            "label": {
              "de": "18px",
              "en": "18px",
              "es": "18px",
              "fr": "18 px",
              "it": "18 px",
              "ja": "18ピクセル",
              "nl": "18px",
              "pt-BR": "18px",
              "zh-CN": "18 px",
              "zh-TW": "18px"
            }
          },
          {
            "value": "19px",
            "label": {
              "de": "19px",
              "en": "19px",
              "es": "19px",
              "fr": "19 px",
              "it": "19 px",
              "ja": "19ピクセル",
              "nl": "19px",
              "pt-BR": "19px",
              "zh-CN": "19 px",
              "zh-TW": "19px"
            }
          },
          {
            "value": "20px",
            "label": {
              "de": "20px",
              "en": "20px",
              "es": "20px",
              "fr": "20 px",
              "it": "20 px",
              "ja": "20ピクセル",
              "nl": "20px",
              "pt-BR": "20px",
              "zh-CN": "20 px",
              "zh-TW": "20 像素"
            }
          },
          {
            "value": "21px",
            "label": {
              "de": "21px",
              "en": "21px",
              "es": "21px",
              "fr": "21 px",
              "it": "21 px",
              "ja": "21ピクセル",
              "nl": "21px",
              "pt-BR": "21px",
              "zh-CN": "21 px",
              "zh-TW": "21 像素"
            }
          },
          {
            "value": "22px",
            "label": {
              "de": "22px",
              "en": "22px",
              "es": "22px",
              "fr": "22 px",
              "it": "22 px",
              "ja": "22ピクセル",
              "nl": "22px",
              "pt-BR": "22px",
              "zh-CN": "22 px",
              "zh-TW": "22 像素"
            }
          }
        ]
      }
    ]
  },
  {
    "name": {
      "de": "Warenkorb",
      "en": "Cart",
      "es": "Carrito",
      "fr": "Panier",
      "it": "Carrello",
      "ja": "カート",
      "nl": "Winkelwagen",
      "pt-BR": "Carrinho",
      "zh-CN": "购物车",
      "zh-TW": "購物車"
    },
    "settings": [
      {
        "type": "checkbox",
        "id": "cart_enable_ajax",
        "label": {
          "de": "Auf der aktuellen Seite bleiben, wenn Artikel zum Warenkorb hinzugefügt wird",
          "en": "Stay on current page when item is added to cart",
          "es": "Permanece en la página actual al agregar el artículo al carrito.",
          "fr": "Rester sur la page actuelle lorsqu'un article est ajouté au panier",
          "it": "Resta sulla pagina attuale quando l'articolo viene aggiunto al carrello",
          "ja": "アイテムがカートに追加されたときに現在のページにとどまる",
          "nl": "Blijf op de huidige pagina wanneer het product is toegevoegd",
          "pt-BR": "Permanecer na página atual quando o item for adicionado ao carrinho",
          "zh-CN": "在将产品添加到购物车时停留在当前页面",
          "zh-TW": "商品加入購物車時留在目前頁面"
        },
        "default": true
      }
    ]
  },
  {
    "name": {
      "de": "navigation",
      "en": "Navigation",
      "es": "Navegación",
      "fr": "Navigation",
      "it": "Navigazione",
      "ja": "メニュー",
      "nl": "Navigatie",
      "pt-BR": "Navegação",
      "zh-CN": "网站地图",
      "zh-TW": "導覽"
    },
    "settings": [
      {
        "type": "checkbox",
        "id": "show_breadcrumb_nav",
        "label": {
          "de": "Breadcrumb-Navigation anzeigen",
          "en": "Show breadcrumb navigation",
          "es": "Mostrar ruta de navegación",
          "fr": "Afficher la navigation au fil d'Ariane",
          "it": "Mostra navigazione tracciabile",
          "ja": "ブレッドクラム ナビゲーションを表示する",
          "nl": "Navigatiepad weergeven",
          "pt-BR": "Exibir navegação estrutural",
          "zh-CN": "显示页面路径网站地图栏",
          "zh-TW": "顯示麵包屑導覽"
        }
      }
    ]
  },
  {
    "name": {
      "de": "Social Media",
      "en": "Social media",
      "es": "Redes sociales",
      "fr": "Médias sociaux",
      "it": "Social media",
      "ja": "SNS",
      "nl": "Sociale media",
      "pt-BR": "Redes sociais",
      "zh-CN": "社交媒体",
      "zh-TW": "社交媒體"
    },
    "settings": [
      {
        "type": "header",
        "content": {
          "de": "Social-Sharing-Bild",
          "en": "Social sharing image",
          "es": "Imagen para redes sociales",
          "fr": "Image de partage social",
          "it": "Immagine per condivisione social",
          "ja": "SNSでシェアする画像",
          "nl": "Afbeelding voor delen via social media.",
          "pt-BR": "Imagem de compartilhamento social",
          "zh-CN": "社交分享图片",
          "zh-TW": "社群分享圖示"
        }
      },
      {
        "type": "image_picker",
        "id": "share_image",
        "label": {
          "de": "Foto",
          "en": "Image",
          "es": "Imagen",
          "fr": "Image",
          "it": "Immagine",
          "ja": "画像",
          "nl": "Afbeelding",
          "pt-BR": "Imagem",
          "zh-CN": "图片",
          "zh-TW": "圖片"
        },
        "info": {
          "de": "Wird angezeigt, wenn ein Link in den sozialen Medien geteilt wird. [Mehr Infos](https://help.shopify.com/manual/using-themes/troubleshooting/showing-social-media-thumbnail-images/) über Bild-Miniaturansichten.",
          "en": "Shown when sharing a link on social media. [Learn more](https://help.shopify.com/manual/using-themes/troubleshooting/showing-social-media-thumbnail-images/) about image thumbnails.",
          "es": "Aparece cuando se comparte un enlace en una red social. [Más información](https://help.shopify.com/manual/using-themes/troubleshooting/showing-social-media-thumbnail-images/) acerca de las miniaturas",
          "fr": "Affichée lorsqu'un lien est partagé sur les réseaux sociaux. [En savoir plus](https://help.shopify.com/manual/using-themes/troubleshooting/showing-social-media-thumbnail-images/) à propos des images miniatures.",
          "it": "Mostrata quando si condivide un link sui social media. [Maggiori informazioni](https://help.shopify.com/manual/using-themes/troubleshooting/showing-social-media-thumbnail-images/) sulle immagini di anteprima.",
          "ja": "SNSでリンクがシェアされると表示されます。[詳細情報](https://help.shopify.com/manual/using-themes/troubleshooting/showing-social-media-thumbnail-images/)画像のサムネイルについては、上のリンクを参照してください。",
          "nl": "Wordt weergegeven wanneer u een link deelt via social media. [Meer informatie](https://help.shopify.com/manual/using-themes/troubleshooting/showing-social-media-thumbnail-images/) over miniatuurafbeeldingen.",
          "pt-BR": "Apresentada ao compartilhar um link nas redes sociais. [Saiba mais](https://help.shopify.com/manual/using-themes/troubleshooting/showing-social-media-thumbnail-images/) sobre miniaturas de imagens.",
          "zh-CN": "在社交媒体上分享链接时显示。[了解有关图片缩略图的详细信息](https://help.shopify.com/manual/using-themes/troubleshooting/showing-social-media-thumbnail-images/)。",
          "zh-TW": "在社群媒體上分享連結時顯示。[深入瞭解](https://help.shopify.com/manual/using-themes/troubleshooting/showing-social-media-thumbnail-images/)圖片縮圖的相關資訊。"
        }
      },
      {
        "type": "header",
        "content": {
          "de": "Social-Media-Konten",
          "en": "Social accounts",
          "es": "Cuentas de redes sociales",
          "fr": "Comptes sociaux",
          "it": "Account social",
          "ja": "SNSアカウント",
          "nl": "Social media-accounts",
          "pt-BR": "Contas em redes sociais",
          "zh-CN": "社媒帐户",
          "zh-TW": "社群帳號"
        }
      },
      {
        "type": "text",
        "id": "social_facebook_link",
        "label": {
          "de": "Facebook",
          "en": "Facebook",
          "es": "Facebook",
          "fr": "Facebook",
          "it": "Facebook",
          "ja": "Facebook",
          "nl": "Facebook",
          "pt-BR": "Facebook",
          "zh-CN": "Facebook",
          "zh-TW": "Facebook"
        },
        "info": {
          "de": "https://www.facebook.com/shopify",
          "en": "https://www.facebook.com/shopify",
          "es": "https://www.facebook.com/shopify",
          "fr": "https://www.facebook.com/shopify",
          "it": "https://www.facebook.com/shopify",
          "ja": "https://www.facebook.com/shopify",
          "nl": "https://www.facebook.com/shopify",
          "pt-BR": "https://www.facebook.com/shopify",
          "zh-CN": "https://www.facebook.com/shopify",
          "zh-TW": "https://www.facebook.com/shopify"
        }
      },
      {
        "type": "text",
        "id": "social_twitter_link",
        "label": {
          "de": "Twitter",
          "en": "Twitter",
          "es": "Twitter",
          "fr": "Twitter",
          "it": "Twitter",
          "ja": "Twitter",
          "nl": "Twitter",
          "pt-BR": "Twitter",
          "zh-CN": "Twitter",
          "zh-TW": "Twitter"
        },
        "info": {
          "de": "https://twitter.com/shopify",
          "en": "https://twitter.com/shopify",
          "es": "https://twitter.com/shopify",
          "fr": "https://twitter.com/shopify",
          "it": "https://twitter.com/shopify",
          "ja": "https://twitter.com/shopify",
          "nl": "https://twitter.com/shopify",
          "pt-BR": "https://twitter.com/shopify",
          "zh-CN": "https://twitter.com/shopify",
          "zh-TW": "https://twitter.com/shopify"
        }
      },
      {
        "type": "text",
        "id": "social_pinterest_link",
        "label": {
          "de": "Pinterest",
          "en": "Pinterest",
          "es": "Pinterest",
          "fr": "Pinterest",
          "it": "Pinterest",
          "ja": "Pinterest",
          "nl": "Pinterest",
          "pt-BR": "Pinterest",
          "zh-CN": "Pinterest",
          "zh-TW": "Pinterest"
        },
        "info": {
          "de": "https://www.pinterest.com/shopify",
          "en": "https://www.pinterest.com/shopify",
          "es": "https://www.pinterest.com/shopify",
          "fr": "https://www.pinterest.com/shopify",
          "it": "https://www.pinterest.com/shopify",
          "ja": "https://www.pinterest.com/shopify",
          "nl": "https://www.pinterest.com/shopify",
          "pt-BR": "https://www.pinterest.com/shopify",
          "zh-CN": "https://www.pinterest.com/shopify",
          "zh-TW": "https://www.facebook.com/shopify"
        }
      },
      {
        "type": "text",
        "id": "social_instagram_link",
        "label": {
          "de": "Instagram",
          "en": "Instagram",
          "es": "Instagram",
          "fr": "Instagram",
          "it": "Instagram",
          "ja": "Instagram",
          "nl": "Instagram",
          "pt-BR": "Instagram",
          "zh-CN": "Instagram",
          "zh-TW": "Instagram"
        },
        "info": {
          "de": "https://instagram.com/shopify",
          "en": "https://instagram.com/shopify",
          "es": "https://instagram.com/shopify",
          "fr": "https://instagram.com/shopify",
          "it": "https://instagram.com/shopify",
          "ja": "https://instagram.com/shopify",
          "nl": "https://instagram.com/shopify",
          "pt-BR": "https://instagram.com/shopify",
          "zh-CN": "https://instagram.com/shopify",
          "zh-TW": "https://instagram.com/shopify"
        }
      },
      {
        "type": "text",
        "id": "social_snapchat_link",
        "label": {
          "de": "Snapchat",
          "en": "Snapchat",
          "es": "Snapchat",
          "fr": "Snapchat",
          "it": "Snapchat",
          "ja": "Snapchat",
          "nl": "Snapchat",
          "pt-BR": "Snapchat",
          "zh-CN": "Snapchat",
          "zh-TW": "Snapchat"
        },
        "info": {
          "de": "https://snapchat.com/add/shopify",
          "en": "https://snapchat.com/add/shopify",
          "es": "https://snapchat.com/add/shopify",
          "fr": "https://snapchat.com/add/shopify",
          "it": "https://snapchat.com/add/shopify",
          "ja": "https://snapchat.com/add/shopify",
          "nl": "https://snapchat.com/add/shopify",
          "pt-BR": "https://www.snapchat.com/add/shopify",
          "zh-CN": "https://snapchat.com/add/shopify",
          "zh-TW": "https://snapchat.com/add/shopify"
        }
      },
      {
        "type": "text",
        "id": "social_google_plus_link",
        "label": {
          "de": "Google Plus",
          "en": "Google Plus",
          "es": "Google Plus",
          "fr": "Google Plus",
          "it": "Google Plus",
          "ja": "Google Plus",
          "nl": "Google Plus",
          "pt-BR": "Google Plus",
          "zh-CN": "Google Plus",
          "zh-TW": "Google+"
        },
        "info": {
          "de": "https://plus.google.com/+shopify",
          "en": "https://plus.google.com/+shopify",
          "es": "https://plus.google.com/+shopify",
          "fr": "https://plus.google.com/+shopify",
          "it": "https://plus.google.com/+shopify",
          "ja": "https://plus.google.com/+shopify",
          "nl": "https://plus.google.com/+shopify",
          "pt-BR": "https://plus.google.com/+shopify",
          "zh-CN": "https://plus.google.com/+shopify",
          "zh-TW": "https://plus.google.com/+shopify"
        }
      },
      {
        "type": "text",
        "id": "social_tumblr_link",
        "label": {
          "de": "Tumblr",
          "en": "Tumblr",
          "es": "Tumblr",
          "fr": "Tumblr",
          "it": "Tumblr",
          "ja": "Tumblr",
          "nl": "Tumblr",
          "pt-BR": "Tumblr",
          "zh-CN": "Tumblr",
          "zh-TW": "Tumblr"
        },
        "info": {
          "de": "http://shopify.tumblr.com",
          "en": "http://shopify.tumblr.com",
          "es": "http://shopify.tumblr.com",
          "fr": "http://shopify.tumblr.com",
          "it": "http://shopify.tumblr.com",
          "ja": "http://shopify.tumblr.com",
          "nl": "http://shopify.tumblr.com",
          "pt-BR": "http://shopify.tumblr.com",
          "zh-CN": "http://shopify.tumblr.com",
          "zh-TW": "http://shopify.tumblr.com"
        }
      },
      {
        "type": "text",
        "id": "social_youtube_link",
        "label": {
          "de": "Youtube",
          "en": "YouTube",
          "es": "Youtube",
          "fr": "YouTube",
          "it": "YouTube",
          "ja": "YouTube",
          "nl": "YouTube",
          "pt-BR": "YouTube",
          "zh-CN": "YouTube",
          "zh-TW": "YouTube"
        },
        "info": {
          "de": "https://www.youtube.com/user/shopify",
          "en": "https://www.youtube.com/user/shopify",
          "es": "https://www.youtube.com/user/shopify",
          "fr": "https://www.youtube.com/user/shopify",
          "it": "https://www.youtube.com/user/shopify",
          "ja": "https://www.youtube.com/user/shopify",
          "nl": "https://www.youtube.com/user/shopify",
          "pt-BR": "https://www.youtube.com/user/shopify",
          "zh-CN": "https://www.youtube.com/user/shopify",
          "zh-TW": "https://www.youtube.com/user/shopify"
        }
      },
      {
        "type": "text",
        "id": "social_vimeo_link",
        "label": {
          "de": "Vimeo",
          "en": "Vimeo",
          "es": "Vimeo",
          "fr": "Vimeo",
          "it": "Vimeo",
          "ja": "Vimeo",
          "nl": "Vimeo",
          "pt-BR": "Vimeo",
          "zh-CN": "Vimeo",
          "zh-TW": "Vimeo"
        },
        "info": {
          "de": "https://vimeo.com/shopify",
          "en": "https://vimeo.com/shopify",
          "es": "https://vimeo.com/shopify",
          "fr": "https://vimeo.com/shopify",
          "it": "https://vimeo.com/shopify",
          "ja": "https://vimeo.com/shopify",
          "nl": "https://vimeo.com/shopify",
          "pt-BR": "https://vimeo.com/shopify",
          "zh-CN": "https://vimeo.com/shopify",
          "zh-TW": "https://vimeo.com/shopify"
        }
      },
      {
        "type": "text",
        "id": "social_fancy_link",
        "label": {
          "de": "Fancy",
          "en": "Fancy",
          "es": "Fancy",
          "fr": "Fancy",
          "it": "Fancy",
          "ja": "Fancy",
          "nl": "Fancy",
          "pt-BR": "Fancy",
          "zh-CN": "Fancy",
          "zh-TW": "Fancy"
        },
        "info": {
          "de": "http://fancy.com/Shopify",
          "en": "http://fancy.com/Shopify",
          "es": "http://fancy.com/Shopify",
          "fr": "http://fancy.com/Shopify",
          "it": "http://fancy.com/Shopify",
          "ja": "http://fancy.com/Shopify",
          "nl": "http://fancy.com/Shopify",
          "pt-BR": "http://fancy.com/Shopify",
          "zh-CN": "http://fancy.com/Shopify",
          "zh-TW": "http://fancy.com/Shopify"
        }
      },
      {
        "type": "blog",
        "id": "main_blog",
        "label": {
          "de": "Blog",
          "en": "Blog",
          "es": "Blog",
          "fr": "Blog",
          "it": "Blog",
          "ja": "ブログ",
          "nl": "Blog",
          "pt-BR": "Blog",
          "zh-CN": "博客",
          "zh-TW": "部落格"
        }
      },
      {
        "type": "header",
        "content": {
          "de": "Social-Sharing-Optionen",
          "en": "Social sharing options",
          "es": "Opciones para compartir en redes sociales",
          "fr": "Options de partage social",
          "it": "Opzioni di condivisione sui social",
          "ja": "SNSシェアのオプション",
          "nl": "Opties voor sociaal delen",
          "pt-BR": "Opções de compartilhamento social",
          "zh-CN": "社交分享选项",
          "zh-TW": "社群分享選項"
        }
      },
      {
        "type": "checkbox",
        "id": "share_facebook",
        "label": {
          "de": "Auf Facebook teilen",
          "en": "Share on Facebook",
          "es": "Compartir en Facebook",
          "fr": "Partager sur Facebook",
          "it": "Condividi su Facebook",
          "ja": "Facebookでシェアする",
          "nl": "Delen op Facebook",
          "pt-BR": "Compartilhar no Facebook",
          "zh-CN": "在 Facebook 上共享",
          "zh-TW": "分享至 Facebook"
        }
      },
      {
        "type": "checkbox",
        "id": "share_twitter",
        "label": {
          "de": "Auf Twitter twittern",
          "en": "Tweet on Twitter",
          "es": "Tuitear en Twitter",
          "fr": "Tweeter sur Twitter",
          "it": "Twitta su Twitter",
          "ja": "Twitterに投稿する",
          "nl": "Twitteren op Twitter",
          "pt-BR": "Tuitar",
          "zh-CN": "在 Twitter 上发推文",
          "zh-TW": "在 Twitter 上發佈推文"
        }
      },
      {
        "type": "checkbox",
        "id": "share_pinterest",
        "label": {
          "de": "Auf Pinterest pinnen",
          "en": "Pin on Pinterest",
          "es": "Pinear en Pinterest",
          "fr": "Épingler sur Pinterest",
          "it": "Pinna su Pinterest",
          "ja": "Pinterestでピンする",
          "nl": "Pinnen op Pinterest",
          "pt-BR": "Pin no Pinterest",
          "zh-CN": "固定在 Pinterest 上",
          "zh-TW": "加入 Pinterest"
        }
      }
    ]
  },
  {
    "name": {
      "de": "Favicon",
      "en": "Favicon",
      "es": "Favicon",
      "fr": "Favicon",
      "it": "Favicon",
      "ja": "ファビコン",
      "nl": "Favicon",
      "pt-BR": "Favicon",
      "zh-CN": "网站图标",
      "zh-TW": "Favicon"
    },
    "settings": [
      {
        "type": "image_picker",
        "id": "favicon",
        "label": {
          "de": "Favicon-Bild",
          "en": "Favicon image",
          "es": "Imagen de favicon",
          "fr": "Image favicon",
          "it": "Immagine favicon",
          "ja": "ファビコン画像",
          "nl": "Favicon-afbeelding",
          "pt-BR": "Imagem favicon",
          "zh-CN": "网站图标图片",
          "zh-TW": "Favicon 圖片"
        },
        "info": {
          "de": "Wird auf 32 x 32 Pixel verkleinert",
          "en": "Will be scaled down to 32 x 32px",
          "es": "Se reducirá a 32 x 32px",
          "fr": "Sera réduite à 32 x 32 px",
          "it": "Verrà ridimensionata a 32 x 32 pixel.",
          "ja": "32×32ピクセルに縮小されます。",
          "nl": "Wordt verkleind tot 32x32 pixels",
          "pt-BR": "Será reduzida para 32 x 32 pixels",
          "zh-CN": "将缩小到 32 x 32px",
          "zh-TW": "將會縮小為 32 x 32 像素"
        }
      }
    ]
  }
]